Step,Sub-Item,Task,Description,Owner,Status,Launchpad Item ID,Video Tutorial,External Link,Notes
1 - Welcome,—,Watch Welcome Video,"Watch the TattooNOW onboarding introduction video to understand the process and what's ahead.",Client,Not Started,—,KpW20D-lyfI,—,"First step — sets expectations for the entire onboarding"
2 - Onboarding Form,—,Complete Onboarding Survey,"Fill out the vital info & current processes survey so we can customize your setup.",Client,Not Started,—,—,https://links.tattoonow.com/widget/survey/iciayX2aDCN3H0x5p8A4,"Survey auto-attaches locationId; opens in popup window"
3 - Book Call,—,Book Onboarding Call,"Schedule your personalized onboarding call to walk through setup together.",Client,Not Started,—,—,https://links.tattoonow.com/widget/booking/OJd5PHlAGUXVp4nymHUx,"Calendar opens in popup window"
4 - Setup Accounts,1 of 8,Domain Name,"Register your business domain name and configure it in TattooNOW.",Client,Not Started,domain-name,5Vtv9ZBpQFY,"{locationId}/settings/domain","Links to GHL domain settings for the client's location"
4 - Setup Accounts,2 of 8,Professional Email,"Set up a professional email address with Google Workspace (e.g. you@yourstudio.com).",Client,Not Started,professional-email,ABDbwbF1BGE,https://workspace.google.com,—
4 - Setup Accounts,3 of 8,Google Business Profile,"Claim and verify your Google Business Profile for local search visibility.",Client,Not Started,google-business,rSzlmnq_oWA,https://business.google.com,—
4 - Setup Accounts,4 of 8,Local Service Ads,"Set up Google Local Service Ads to appear at the top of local search results.",Client,Not Started,local-service-ads,mTOI30cTKcM,https://ads.google.com/localservices,—
4 - Setup Accounts,5 of 8,Google Search Console,"Connect Google Search Console to monitor your website's search performance.",Client,Not Started,google-search-console,uoQ-0xREQgQ,https://search.google.com/search-console,—
4 - Setup Accounts,6 of 8,Google Analytics,"Set up Google Analytics (GA4) to track website traffic and visitor behavior.",Client,Not Started,google-analytics,UuE37-MM1ws,https://analytics.google.com,—
4 - Setup Accounts,7 of 8,Google Ads,"Create a Google Ads account for paid search advertising.",Client,Not Started,google-ads,6zBXoupD-lw,https://ads.google.com,—
4 - Setup Accounts,8 of 8,Connect Accounts to TattooNOW,"Link all your Google accounts to your TattooNOW dashboard.",Client,Not Started,connect-accounts,—,"{locationId}/settings/integrations/list","Final sub-item — step auto-completes when all 8 are done"
5 - Social Media,1 of 13,YouTube,"Create your YouTube channel for tattoo content and studio promotion.",Client,Not Started,youtube,—,https://www.youtube.com/create_channel,—
5 - Social Media,2 of 13,Instagram,"Create your Instagram business account for visual portfolio sharing.",Client,Not Started,instagram,—,https://www.instagram.com/accounts/emailsignup/,—
5 - Social Media,3 of 13,Facebook,"Create your Facebook business page for community engagement.",Client,Not Started,facebook,—,https://www.facebook.com/pages/create,—
5 - Social Media,4 of 13,TikTok,"Create your TikTok business account for short-form video content.",Client,Not Started,tiktok,—,https://www.tiktok.com/signup,—
5 - Social Media,5 of 13,Pinterest,"Create your Pinterest business account to showcase designs.",Client,Not Started,pinterest,—,https://www.pinterest.com/business/create/,—
5 - Social Media,6 of 13,Threads,"Create your Threads account for text-based social engagement.",Client,Not Started,threads,—,https://www.threads.net,—
5 - Social Media,7 of 13,Bluesky,"Create your Bluesky account as an alternative social platform.",Client,Not Started,bluesky,—,https://bsky.app,—
5 - Social Media,8 of 13,Yelp,"Claim your Yelp business page for reviews and local discovery.",Client,Not Started,yelp,—,https://biz.yelp.com/signup,—
5 - Social Media,9 of 13,LinkedIn,"Create your LinkedIn company page for professional networking.",Client,Not Started,linkedin,—,https://www.linkedin.com/company/setup/new/,—
5 - Social Media,10 of 13,D&B DUNS Number,"Get your Dun & Bradstreet DUNS number for business credibility.",Client,Not Started,duns,—,https://www.dnb.com/duns-number/get-a-duns.html,—
5 - Social Media,11 of 13,BBB,"Get Better Business Bureau accreditation for trust and credibility.",Client,Not Started,bbb,—,https://www.bbb.org/get-accredited,—
5 - Social Media,12 of 13,Tattoos.Social,"Create your profile on the Tattoos.Social community platform.",Client,Not Started,tattoos-social,—,https://groups.tattoos.social/,—
5 - Social Media,13 of 13,Connect Social to TattooNOW,"Link all your social media accounts to TattooNOW for unified management.",Client,Not Started,connect-social,—,"{locationId}/marketing/social-planner/settings?tab=all","Final sub-item — step auto-completes when all 13 are done"
6 - Import Contacts,1 of 2,Option 1: Upload Contacts Now,"If you have your contacts ready in CSV format upload them now.",Client,Not Started,upload-contacts-now,—,"{locationId}/contacts/import","Either option completes this step"
6 - Import Contacts,2 of 2,Option 2: Wait for Onboarding Meeting,"Prefer to handle contact import during your onboarding call — we'll walk you through it.",Client,Not Started,wait-for-meeting,—,—,"Either option completes this step"
7 - Mobile App,—,Download Lead Connector App,"Download the Lead Connector mobile app to manage conversations and respond to leads on the go.",Client,Not Started,—,—,"iOS: https://apps.apple.com/us/app/lead-connector/id1564302502 | Android: https://play.google.com/store/apps/details?id=com.LeadConnector","Login with same credentials as business.tattoonow.com"
8 - Next Steps,—,Setup Complete — What Happens Next,"Expect emails from gabe@tattoonow.com with updates. We'll work behind the scenes before the onboarding call. You'll get access to members-exclusive content.",Internal/Client,Not Started,—,—,—,"Completion redirects to https://tools.tattoonow.com/tattoonow-subscribers"
,,,,,,,,,,
GOOGLE SHEET SYNC INFO,,,,,,,,,,
Key,Value,,,,,,,,,
Apps Script URL,https://script.google.com/macros/s/AKfycbwNjZ1kzDqvqCyi45CKgSljCVE5jGbW1Za1iInIXDo6uJvB5b9n7OP6sjV-O1Nu7MjL/exec,,,,,,,,,
Secret Key,tattoonow_onboarding_2024,,,,,,,,,
Save Action,"GET ?action=save&locationId=X&completedSteps=[...]&step4=[...]&step5=[...]&step6=[...]&currentStep=N&setupCompleted=bool&secretKey=X",,,,,,,,,
Load Action,"GET ?action=load&locationId=X&secretKey=X",,,,,,,,,
Completion Redirect,https://tools.tattoonow.com/tattoonow-subscribers,,,,,,,,,
LocalStorage Key Pattern,launchpad_progress_{locationId},,,,,,,,,
,,,,,,,,,,
COMPLETION REQUIREMENTS,,,,,,,,,,
Step,Requirement,,,,,,,,,
Step 1 - Welcome,Click Mark Complete after watching video,,,,,,,,,
Step 2 - Onboarding Form,Survey submission auto-completes OR manual mark,,,,,,,,,
Step 3 - Book Call,Calendar booking auto-completes OR manual mark,,,,,,,,,
Step 4 - Setup Accounts,All 8 sub-items must be individually marked complete,,,,,,,,,
Step 5 - Social Media,All 13 sub-items must be individually marked complete,,,,,,,,,
Step 6 - Import Contacts,At least 1 of 2 options must be marked complete,,,,,,,,,
Step 7 - Mobile App,Click Mark Complete after downloading app,,,,,,,,,
Step 8 - Next Steps,Click Mark Complete to finish — triggers confetti + redirect,,,,,,,,,
